<?xml version="1.0" encoding="UTF-8"?>
<!DOCTYPE hibernate-configuration PUBLIC
"-//Hibernate/Hibernate Configuration DTD//EN"
"http://hibernate.sourceforge.net/hibernate-configuration-3.0.dtd">
<hibernate-configuration>
    <session-factory>
        <property name="hibernate.connection.driver_class">org.mariadb.jdbc.Driver</property>
        <property name="hibernate.connection.url">jdbc:mariadb://localhost:3307/loanproject</property>
        <property name="hibernate.connection.username">root</property>
        <property name="hibernate.connection.password">root</property>
        <property name="dialect">org.hibernate.dialect.MariaDBDialect</property>
        <property name="show_sql">true</property>

 

        <property name="hibernate.hbm2ddl.auto">update</property>
        <mapping resource="customer.hbm.xml"/>
        <mapping class="com.dbs.project.LoanProposalProject.model.Customer"/>
        <mapping class="com.dbs.project.LoanProposalProject.model.Collateral"/>
        <mapping class="com.dbs.project.LoanProposalProject.model.Employee"/>
        <!-- <mapping class="com.dbs.hibernate.HIbernateDemo.model.Supplier"/> -->
        
    </session-factory>

 

</hibernate-configuration>